artist_id,artist,followers,popularity,genre
2ENaPFnsKa9MlutVokd6es,Maan,2433876,61,pop
1hJuGCUpefX24GFmss9bjH,Amy Macdonald,492731,61,pop
17lzZA2AlOHwCwFALHttmp,2 Chainz,8018271,74,hip hop
6aZyMrc4doVtZyKNilOmwu,Colbie Caillat,2496356,65,pop
2t1vHqFELDwweQWM6JYxHG,Kelvin Jones,54808,52,pop
4xTDPgk4jHCF0qui3dH6BS,Black M,340143,50,metal
4ArPQ1Opcksbbf3CPwEjWE,Emilee,99611,58,pop
4R529xQ7WQfRpSEXaHFbRg,InfaRed,1484,49,hip hop
1JS0Gw2KxVFPmFNivcjmgt,Berre,4621,42,pop
20j1uz7iDOtIvIzCr5S8nx,SEUNGRI,445617,52,pop
1mOEe4YuD4hBTa1xyzSBfs,Daan,39851,34,latin
3oAazIwC0nAYkOKVQPUC38,Sirah,19203,53,electronic
56Qz2XwGj7FxnNKrfkWjnb,FAST BOY,35007,68,pop
1G9G7WwrXka3Z1r7aIDjI7,Outkast,2673967,74,hip hop
3IYUhFvPQItj6xySrBmZkd,Creedence Clearwater Revival,6645053,80,rock
1Oa0bMld0A3u5OTYfMzp5h,Nate Dogg,1692476,76,funk
1l7ZsJRRS8wlW3WfJfPfNS,Christina Aguilera,8288233,76,pop
3YQKmKGau1PzlVlkL1iodx,Twenty One Pilots,24281740,83,rock
2NWl72uscoDndjs9mHTOVD,Nyla,35,55,electronic
2NPduAUeLVsfIauhRwuft1,Nightwish,2173277,64,metal
7sfl4Xt5KmfyDs2T3SVSMK,Lil Jon,1581482,72,hip hop
0NGAZxHanS9e0iNHpR8f2W,Alok,11310159,79,electronic
5CiGnKThu5ctn9pBxv7DGa,benny blanco,1162155,70,pop
0Sz2jslaxjcw2VM5zYh2jK,Kaleen,15232,49,pop
5sK8BsvyDl4TFA6KaBf8or,Charly Black,341532,59,dance
2dd5mrQZvg6SmahdgVKDzh,PSY,1589366,61,rap
0ZED1XzwlLHW4ZaG4lOT6m,Julia Michaels,5048363,71,pop
7jy3rLJdDQY21OgRLCZ9sD,Foo Fighters,11771199,77,metal
246dkjvS1zLTtiykXe5h60,Post Malone,44275627,90,rap
0awl5piYwO0CDTHEkCjUhn,Nico & Vinz,523846,61,hip hop
5pXe6yFchq1oyYK3rq2A8i,KIDDO,26765,60,pop
0ZCO8oVkMj897cKgFH7fRW,Angele,7339399,77,latin
05lF0DUkLJqiW5o70SScyR,Hybrid Minds,168213,58,electronic
15UsOTVnJzReFVN1VCnxy4,XXXTENTACION,45226684,86,rap
6DgP9otnZw5z6daOntINxp,Joel Corry,420937,71,pop
5xKp3UyavIBUsGy3DQdXeF,A Great Big World,571164,58,pop
2txHhyCwHjUEpJjWrEyqyX,Tom Odell,3852035,75,pop
4L2dV3zY7RmkeiNO035Fi0,Mufasa,16641,60,pop
4nDoRrQiYLoBzwC5BhVJzF,Camila Cabello,33279350,79,pop
51Blml2LZPmy7TTiAg47vQ,U2,12213348,76,rock
0cI6OkaZLXsri5KKsbEUnD,Alex Germys,2013,24,pop
4TrraAsitQKl821DQY42cZ,Sigrid,700476,57,pop
1h6Cn3P4NGzXbaXidqURXs,Swedish House Mafia,3763860,75,electronic
07YZf4WDAMNwqr4jfgOZ8y,Jason Derulo,12056739,77,pop
7gXb99Sf9nNmpNYeAgIQFG,Sub Urban,1690268,64,pop
3e7awlrlDSwF3iM0WBjGMp,Little Mix,11927485,72,pop
0V4Ph0z8HdAzrAYaTQCwwz,K'NAAN,27,11,reggae
5yG7ZAZafVaAlMTeBybKAL,Iggy Azalea,6543537,66,hip hop
7i9j813KFoSBMldGqlh2Z1,Riton,137778,66,electronic
74IEeKcuS34kF2TjOigXra,Donnie,601576,46,r&b
6QMABvTzixnxzsLYyhqRxI,Majestic,74663,65,dance
5lTjv8Ag00qHSGhvK4JbeF,Justin Wellington,48412,52,pop
49HlOY4gkHqsYG9GCuhkcc,Celeste,495264,59,soul
25Kw8f1zcn9VtUk5Nl3qrp,Lasgo,127617,53,dance
2cFrymmkijnjDg9SS92EPM,blackbear,4951937,72,pop
6T5tfhQCknKG4UnH90qGnz,DNCE,4531711,66,pop
56xTxG4nQMAs1GW9kvn0uA,Wanz,5286,64,funk
2F3Mdh2idBVOiMTxXoxc10,MEAU,159982,55,pop
25uiPmTg16RbhZWAqwLBy5,Charli xcx,3313387,83,pop
46rVVJwHWNS7C7MaWXd842,KALUSH,998498,52,hip hop
2Tg0aF5cbZktYFzgR1iAKv,Julie Bergan,160887,55,pop
26VFTg2z8YR0cCuwLzESi2,Halsey,21551808,79,pop
1anyVhU62p31KFi8MEzkbf,Chance the Rapper,5987039,72,rap
2vmZupMPxLgT8MNNXTRfa2,Laura Tesoro,62123,42,pop
5lKZWd6HiSCLfnDGrq9RAm,Leona Lewis,3552086,63,soul
1Hsdzj7Dlq2I7tHP7501T4,Niall Horan,9887353,74,pop
56mfhUDKa1vec6rSLZV5Eg,Jawsh 685,124786,58,pop
6qqNVTkY8uBg9cP3Jd7DAH,Billie Eilish,95496420,94,pop
54R6Y0I7jGUCveDTtI21nb,Boney M.,2005121,69,pop
7uaIm6Pw7xplS8Dy06V6pT,Trevor Daniel,826458,62,rap
6gK1Uct5FEdaUWRWpU4Cl2,Petit Biscuit,950757,60,pop
79b2ipSR68Uf9EzA438KZt,Chawki,25519,54,pop
4kYSro6naA4h99UJvo89HB,Cardi B,24036683,79,pop
0PFtn5NtBbbUNbU9EAmIWF,TOTO,2940318,74,rock
6fOMl44jA4Sp5b9PpYCkzz,NF,9924598,77,hip hop
2gduEC76ry33RVurAvT05p,Nathan Dawe,122866,64,pop
4AK6F7OLvEQ5QYCBNiQWHq,One Direction,35306866,83,pop
3tVQdUvClmAT7URs9V3rsp,Wizkid,5500783,76,hip hop
3NPpFNZtSTHheNBaWC82rB,X Ambassadors,3002904,70,rock
4phGZZrJZRo4ElhRtViYdl,Jason Mraz,7175471,70,pop
5y2Xq6xcjJb2jVM54GHK3t,John Legend,6808134,73,soul
5H4yInM5zmHqpKIoMNAx4r,Central Cee,5628491,81,hip hop
7dGJo4pcD2V6oG8kP0tJRR,Eminem,85762792,91,hip hop
32WkQRZEVKSzVAAYqukAEA,Lady A,3672096,65,country
1URnnhqYAYcrqrcwql10ft,Savage,18921799,88,hip hop
1vCWHaC5f2uS3yhpwWbIA6,Avicii,22810338,80,pop
60d24wfXkVzDSfLS6hyCjZ,Martin Garrix,15022004,74,pop
5NW2uPFatEKjZQ5gpWD8HO,Filatov & Karas,104959,58,dance
5ChF3i92IPZHduM7jN3dpg,Nicky Romero,2179592,60,pop
4OPaH4YIqua9DUnI7t0fOQ,Mark With a K,73063,48,pop
3qOKTfKJFcaShWmz7uPysQ,SLM,1512,30,electronic
55Aa2cqylxrFIXC767Z865,Lil Wayne,14681842,84,hip hop
7hOGhpa8RMSuDOWntGIAJt,A R I Z O N A,420010,55,pop
4dRLeUGGqu0vixU7tdOCTv,Jones & Stephenson,10625,39,dance
1HY2Jd0NmPuamShAr6KMms,Lady Gaga,30186040,84,pop
02kJSzxNuaWGqwubyUba0Z,G-Eazy,5327238,77,pop
1l8Fu6IkuTP0U5QetQJ5Xt,Fifth Harmony,16149806,67,pop
2p1fiYHYiXz9qi0JJyxBzN,Skepta,1300883,72,hip hop
5XKFrudbV4IiuE5WuTPRmT,Stephen Sanchez,1438039,74,pop
02A3cEvlLLCbIMVDrK2GHV,Starley,204568,53,electronic
0zOcE3mg9nS6l3yxt1Y0bK,The Fray,4006794,69,rock
374sWpAJsbZckf98df2jJJ,Fuse ODG,139575,62,hip hop
5gCRApTajqwbnHHPbr2Fpi,Juicy J,3178527,72,hip hop
2BvzbqWWwLN11XGBYgDZzx,Terror Squad,239004,49,hip hop
6U3ybJ9UHNKEdsH7ktGBZ7,JID,1774144,75,hip hop
77DAFfvm3O9zT5dIoG0eIO,Kyla,25536,70,funk
1uU7g3DNSbsu0QjSEqZtEd,Masked Wolf,736323,62,hip hop
3836OTICMPjhTMMcpPw4EC,Broiler,174105,63,electronic
3kcwSBHk3lMgHMHuxjJLNZ,Bazart,94519,44,indie
6DIS6PRrLS3wbnZsf7vYic,WALK THE MOON,2106784,70,rock
7hdCH3dJ27WvUbo00gAMwE,Metejoor,173951,53,pop
6NXk2pLFocS2OkNdT7ncBt,Trevor Guthrie,12683,56,pop
5wwneIFdawNgQ7GvKK29Z3,Lucas & Steve,429558,57,electronic
6sFIWsNpZYqfjUpaCgueju,Carly Rae Jepsen,4878491,71,pop
4GNC7GD6oZMSxPGyXy4MNB,Lewis Capaldi,12570562,78,pop
08GQAI4eElDnROBrJRGE0X,Fleetwood Mac,11567876,80,rock
0C0XlULifJtAgn6ZNCW2eu,The Killers,7312891,76,rock
5sm0jQ1mq0dusiLtDJ2b4R,Eric Prydz,624310,63,electronic
2AsusXITU8P25dlRNhcAbG,Gotye,2166954,70,pop
7n2wHs1TKAczGzO7Dd2rGr,Shawn Mendes,42785016,80,pop
1zNqQNIdeOUZHb8zbZRFMX,Swae Lee,2173490,79,rap
1QkWH3r8urqP2ZIZ3ov4jD,Silento,1351,47,electronic
7wdNPEfvOIFnDnT9E2VJsd,Pat Benesta,5414,31,dance
50OApTJurDusIo9dGTqSU4,Lilly Wood and The Prick,245714,62,pop
3Nrfpe0tUJi4K4DXYWgMUX,BTS,73740647,85,pop
35HMF6Y8dSzNfeJs3X65fw,Alessandra,141269,57,pop
2YZyLoL8N0Wb9xBt1NhZWg,Kendrick Lamar,30156189,92,hip hop
3GxKJzJK4LpsYGXQrw77wz,Mimi Webb,367771,58,pop
6zFYqv1mOsgBRQbae3JJ9e,Billy Joel,6013292,77,rock
3b8QkneNDz4JHKKKlLgYZg,Florida Georgia Line,5399612,73,country
0HxX6imltnNXJyQhu4nsiO,LF SYSTEM,75506,63,dance
7kjSuFGKhLm8b5qXoMhRkJ,Libianca,471539,64,hip hop
7rdiGVXL2fFyONexHzfKFS,SoulChef,91998,49,electronic
74KM79TiuVKeVCqs8QtB0B,Sabrina Carpenter,9501759,90,pop
5cj0lLjcoR7YOSnhnX0Po5,Doja Cat,30201639,85,pop
3iri9nBFs9e4wN7PLIetAw,gnash,1567265,60,pop
4q3ewBCX7sLwd24euuV69X,Bad Bunny,82635294,93,reggae
33qOK5uJ8AR2xuQQAhHump,Teddy Swims,2304622,82,pop
0H39MdGGX6dbnnQPt6NQkZ,SAINt JHN,1059095,67,rap
6zvul52xwTWzilBZl6BUbT,Pixies,2976413,69,rock
64M6ah0SkkRsnPGtGiRAbb,Bebe Rexha,9169237,79,pop
5he5w2lnU9x7JFhnwcekXX,Skrillex,7585078,75,electronic
6g0B8JvJx33LO19ms0aIah,Franky Jones,4217,39,dance
1w5Kfo2jwwIPruYS2UWh56,Pearl Jam,8794220,74,rock
6MPCFvOQv5cIGfw3jODMF0,Internet Money,832156,65,pop
5pUo3fmmHT8bhCyHE52hA6,Liam Payne,10037612,61,pop
6mo0UbyIvIePdXNyLwQlk5,Milow,184638,52,pop
08yf5A2nS4XEeNvabDXqyg,Talent,1255356,63,rock
21aa4pj9BvbFB2iT8kRpnq,Michael Schulte,326501,62,pop
2XnBwblw31dfGnspMIwgWz,Axwell /\ Ingrosso,2445221,64,electronic
3D2GUXbtlL3r2d5HJEnsFD,Marco Borsato,703772,54,pop
56oDRnqbIiwx4mymNEv7dS,Lizzo,5717206,69,hip hop
2OjoIDVPQKT9B7loZbPEfp,Claudia Leitte,1082329,59,latin
33NVpKoXjItPwUJTMZIOiY,David Kushner,2212506,74,pop
4ETSs924pXMzjIeD6E9b4u,Surfaces,935492,67,soul
6GMYJwaziB4ekv1Y6wCDWS,Soulja Boy,2069546,67,hip hop
1fux65HMCBvfJHqlBc4Nno,MAGIC!,2408988,68,reggae
1WRM9i067hd2ujxxi8FI3m,Steppenwolf,1599906,61,rock
202HZzqKvPsMHcbwnDZx7u,Doria D,271859,46,rock
4gzpq5DPGxSnKTe4SA8HAU,Coldplay,51024216,87,pop
2x7EATekOPhFGRx3syMGEC,The Knocks,231437,59,dance
2RTUTCvo6onsAnheUk3aL9,3 Doors Down,4361136,69,rock
2KsP6tYLJlTBvSUxnwlVWa,Mike Posner,1367813,69,pop
5nLYd9ST4Cnwy6NHaCxbj8,CeeLo Green,622974,64,hip hop
4Q6nIcaBED8qUel8bBx6Cr,Jax Jones,1178481,71,pop
19u3RGWKsjmbg9eI6zAiNp,13 Organise,222620,52,hip hop
0oXTS2yHUnuji1R7kc9J9a,Pascal Letoublon,119346,55,dance
6mS5GeFyhea6w9OKo8PO3p,Goldband,134475,59,pop
3L4wiBOSDLkJ18OISXZDA8,Barbara Pravi,204592,57,pop
4QVBYiagIaa6ZGSPMbybpy,Pedro Capo,1589622,67,pop
5ee4yhrWOxaxvL77BoVpVR,Lucky Luke,130853,56,electronic
6EPlBSH2RSiettczlz7ihV,Sleepy Hallow,2004851,75,rap
4Euia7UzdRshy1DJOSMTcs,220 KID,25250,55,dance
53XhwfbYqKCa1cC15pYq2q,Imagine Dragons,52900852,86,rock
0ERCrnTOTP6m7KbCLTliEj,5NAPBACK,8682,24,pop
2SxLNgtH8TxZFuxugFfycn,BAQ,1205,30,hip hop
2LIk90788K0zvyj2JJVwkJ,Jack Harlow,3821891,79,hip hop
4fIPlF6Q0IR1a2WdZJ59rf,Liefde Voor Muziek voor Rode Neuzen Dag,3514,12,pop
7wbnKaU2yOAKkBdXED432f,Axel Stephenson,645,39,rock
3ciRvbBIVz9fBoPbtSYq4x,Lil Jon & The East Side Boyz,915383,61,hip hop
6olE6TJLqED3rqDCT0FyPh,Nirvana,19569556,80,rock
10exVja0key0uqUkk6LJRT,Vance Joy,3093276,75,pop
7arQA31aZVS8yS6zUveWzb,CJ,239558,59,rap
5rGrDvrLOV2VV8SCFVGWlj,Imanbek,236468,70,electronic
1QRj3hoop9Mv5VvHQkwPEp,Olivia O'Brien,2040069,63,pop
3O5HD95HTEPgoPFOjAb7yV,DripReport,109970,49,rap
0kObWap02DEg9EAJ3PBxzf,Starship,1079906,64,rock
6Rx1JKzBrSzoKQtmbVmBnM,Hayley Williams,727914,63,pop
6ydoSd3N2mwgwBHtF6K7eX,Calum Scott,5623107,74,pop
6JL8zeS1NmiOftqZTRgdTz,Meghan Trainor,15112341,78,pop
6fNkvAT7XRYuIynD5RTSLf,Kalush Orchestra,22486,47,pop
6OG9fZ1LKXyL0hShRmmnq1,Davina Michelle,465485,54,pop
66W9LaWS0DPdL7Sz8iYGYe,JP Saxe,513722,63,r&b
7hJcb9fa4alzcOq3EaNPoG,Snoop Dogg,11945949,81,funk
6dJeKm76NjfXBNTpHmOhfO,Selena Gomez & The Scene,9903904,66,pop
6vXTefBL93Dj5IqAWq6OTv,French Montana,5438380,74,hip hop
4ScCswdRlyA23odg9thgIO,Jess Glynne,3044776,72,pop
7LRZFmscilazZmSwsddIyx,Gigi D'Agostino,539,5,pop
0Jsk5iYMr5aNjHury7blm1,Boef,1319287,64,hip hop
540vIaP2JwjQb9dm3aArA4,DJ Snake,8656213,77,pop
49bzE5vRBRIota4qeHtQM8,Skillet,5110996,72,metal
46pWGuE3dSwY3bMMXGBvVS,Rema,4626936,75,hip hop
2u6jNcpusijFS6ZzuWRwMv,Moss Kena,15802,49,r&b
73sIBHcqh3Z3NyqHKZ7FOL,Childish Gambino,12861082,79,hip hop
7CajNmpbOovFoOoasH2HaY,Calvin Harris,22613771,86,pop
6TIYQ3jFPwQSRmorSezPxX,mgk,5259209,76,hip hop
5X1JzPIIonP3u9lA580pPT,Francesco Yates,39372,61,pop
6PvvGcCY2XtUcSRld1Wilr,Silk Sonic,886350,70,soul
4ofCBoyEiGSePFAG500xev,Regard,251660,68,pop
5yRYgJHwb6gtIJ59POLBes,Cleymans & Van Geel,12872,31,pop
5YGY8feqx7naU7z4HrwZM6,Miley Cyrus,24175184,82,pop
45eNHdiiabvmbp4erw26rg,ILLENIUM,1508799,70,electronic
32r72WOqqRO1DtSznId7Lr,James Brown & The Famous Flames,183889,57,soul
13saZpZnCDWOI9D4IJhp1f,Lily Allen,2035051,66,pop
53deL58uye6fCqRK4COtR4,Alizee,214970,50,pop
1MIVXf74SZHmTIp4V4paH4,Mabel,2011587,64,pop
1vyhD5VmyZ7KMfW5gqLgo5,J Balvin,36617306,85,reggae
1kiq2kUV0cbLUhJsr7cpW0,Alida,23133,57,pop
7z5WFjZAIYejWy0NI5lv4T,Dan + Shay,3162461,69,country
3VVxpV5qfkhLkLZjXB274t,Frans Duijts,98515,50,pop
3K2zB87GZv1krx031en5VA,La Roux,646868,62,dance
5e4Dhzv426EvQe3aDb64jL,Shania Twain,3041543,71,country
3R6VoMjUANEP9wb7fRNXws,Rolf Sanchez,101113,53,pop
1XynjLPAyPi8SZAx8LHN0Z,Nuka,3753,46,dance
6wWVKhxIU2cEi0K81v7HvP,Rammstein,9797108,79,metal
2nm38smINjms1LtczR0Cei,Goodboys,68255,67,pop
53A0W3U0s8diEn9RhXQhVz,Keane,3384362,73,pop
3PhoLpVuITZKcymswpck5b,Elton John,13381792,82,rock
3JhNCzhSMTxs9WLGJJxWOY,Macklemore,2336093,77,pop
0gadJ2b9A4SKsB1RFkBb66,Passenger,3302462,69,pop
2h6hAChW74hB9HvrNoK1RY,Quarterhead,14759,59,electronic
5hXPnS34O3Kq3O8dkaE9FM,Famba,8377,31,indie
6n28c9qs9hNGriNa72b26u,PNAU,235512,71,dance
7vPGzgDg3qGUY5bWtrO3K4,Conkarah,78650,49,jazz
6ASri4ePR7RlsvIQgWPJpS,iann dior,1847006,70,rap
6prmLEyn4LfHlD9NnXWlf7,Adam Lambert,1607001,60,pop
5ZsFI1h6hIdQRw2ti0hz81,ZAYN,23019072,75,pop
3fMbdgg4jU18AjLCKBhRSm,Jack & Jack,31510790,81,r&b
4SLEmV2rAQ71Ts0qyDGhE8,Cecilia Krull,68954,47,pop
5MouCg6ta7zAxsfMEbc1uh,OMI,615322,66,reggae
7oPftvlwr6VrsViSDV7fJY,Green Day,14981405,79,rock
4pADjHPWyrlAF0FA7joK2H,Jay Sean,1798702,64,pop
6XyY86QOPPrYVGvF9ch6wz,Linkin Park,25596223,84,metal
6S2OmqARrzebs0tKUEyXyp,Demi Lovato,26575951,75,pop
0iEtIxbK0KxaSlF7G42ZOp,Metro Boomin,8447054,90,rap
12Chz98pHFMPJEknJQMWvI,Muse,7806952,74,rock
7IlRNXHjoOCgEAWN5qYksg,Aya Nakamura,4592063,71,pop
0EmeFodog0BfCgMzAIvKQp,Shakira,33282942,85,pop
3ScY9CQxNLQei8Umvpx5g6,Fat Joe,1797762,66,hip hop
6MDME20pz9RveH9rEXvrOM,Clean Bandit,5454369,73,pop
0fA0VVWsXO9YnASrzqfmYu,Kid Cudi,7074219,78,hip hop
7rkW85dBwwrJtlHRDkJDAC,NAV,3499906,70,hip hop
33ScadVnbm2X8kkUqOkC6Z,Don Omar,11653104,82,hip hop
3r17AfJCCUqC9Lf0OAc73G,Fergie,5715177,67,pop
7AcV1lk8Zrgo1691PDWEle,Freshlyground,70129,61,rock
3TVXtAsR1Inumwj472S9r4,Drake,89926549,94,hip hop
06HL4z0CvFAxyc27GXpf02,Taylor Swift,113922385,100,pop
4ubInRZWkxXv1KNTPLHB4q,The Radios,21020,32,rock
4r63FhuTkUYltbVAg5TQnk,DaBaby,12029820,77,hip hop
0GOx72r5AAEKRGQFn3xqXK,GIMS,4371674,75,hip hop
66VgJGpaRMwrNaS2MPqIDf,Pauline,17333,40,pop
4zxvC7CRGvggq9EWXOpwAo,Kiesza,294337,53,pop
2jw70GZXlAI8QzWeY2bgRc,Nelly Furtado,3898063,76,latin
5wCmhq5J2hPwL2r0eKurxn,casso,62581,71,electronic
4dpARuHxo51G3z768sgnrY,Adele,56007958,83,soul
6MvRVq0CtpQQlwnIiszV8F,Magic System,265348,59,pop
4OV6uYSnHxSYkjDYuBVBUz,Slimane,1581388,68,pop
34v5MVKeQnIo0CWYMbbrPf,John Newman,731816,67,pop
1RPZu5nxPrakSD5NumbgSn,Lea Rue,12330,32,pop
5p7f24Rk5HkUZsaS3BLG5F,Hailee Steinfeld,8807231,66,pop
0qT79UgT5tY4yudH9VfsdT,Sum 41,3856348,71,metal
2tIP7SsRs7vjIcLrU85W8J,The Kid LAROI,5364413,78,hip hop
6mdiAmATAx73kdxrNrnlao,Iron Maiden,9050474,71,metal
6W5uA6CNMf3hd2j4a2XWCx,Naps,3080416,70,hip hop
0X2BH1fck6amBIoJhDVmmJ,Ellie Goulding,12434520,77,indie
4lBSzo2LS8asEzoePv6VLM,Daddy DJ,17706,58,dance
0u6GtibW46tFX7koQ6uNJZ,Topic,250619,71,dance
2RDOrhPqAM4jzTRCEb19qX,Sheck Wes,1606180,61,pop
5Wg2b4Mp42gicxEeDNawf7,A7S,61880,66,pop
738wLrAtLtCtFOLvQBXOXp,Major Lazer,6151362,75,pop
6M2wZ9GZgrQXHCFfjv46we,Dua Lipa,43740521,88,pop
1cZQSpDsxgKIX2yW5OR9Ot,Lennon Stella,382828,58,pop
4D75GcNG95ebPtNvoNVXhz,AFROJACK,3897879,72,pop
5fg02ZNJViLdPyxJnRdcsi,Zoe Tauran,50340,59,pop
523y9KSneKh6APd1hKxLuF,Master KG,569489,59,pop
0oeiA5U9u1U45Gos5cywUU,Soso Maness,620846,58,hip hop
7o2ZQYM7nTsaVdkXY38UAA,Em Beihold,472618,69,pop
3o2dn2O0FCVsWDFSh8qxgG,Sabaton,2128646,70,metal
3QSQFmccmX81fWCUSPTS7y,Dean Lewis,3203950,73,pop
1hcdI2N1023RvSwLzTtdsp,Natalia,4515699,71,pop
3n5jeTRWZEbTPJWyHSYUqn,Acid,203857,48,metal
0VRj0yCOv2FXJNP47XQnx5,Quavo,7419745,76,hip hop
6trIghKwHRUyxwvm66HLHH,Foushee,204648,58,r&b
7wqtxqI3eo7Gn1P7SpP6cQ,Salt-N-Pepa,812127,59,pop
5eir5zFJpES4j7gsymbVyl,Ronnie Flex,588230,65,hip hop
1c70yCa8sRgIiQxl3HOEFo,Cherish,622889,62,hip hop
7pFeBzX627ff0VnN6bxPR4,Desiigner,3499259,59,pop
6vWDO969PvNqNYHIOW5v0m,Beyonce,38012390,86,pop
0QHgL1lAIqAw0HtD7YldmP,DJ Khaled,11450259,73,hip hop
7gP3bB2nilZXLfPHJhMdvc,Foster The People,3768431,71,indie
3rIZMv9rysU7JkLzEaC5Jp,Snow,2989987,67,rock
7o9Nl7K1Al6NNAHX6jn6iG,Travie McCoy,375158,60,pop
3q7HBObVc0L8jNeTe5Gofh,50 Cent,14671124,82,hip hop
6L1XC7NrmgWRlwAeLJvVtA,Sam Fischer,281357,58,pop
5nGIFgo0shDenQYSE0Sn7c,Evanescence,4503582,72,metal
1pgtr4nhBQjp9oCUBPyYWh,Fountains Of Wayne,186823,56,pop
66AE89GQTx88zLYhXn1wFK,Sam Martin,20631,58,dance
6jGMq4yGs7aQzuGsMgVgZR,Lil Tjay,8552865,76,hip hop
6l77PmL5iuEEcYjGl8K6s7,Bat For Lashes,375143,47,pop
6MF9fzBmfXghAz953czmBC,Taio Cruz,2215023,68,pop
4pnp4w9g30yLfVIAFnZMRd,ACRAZE,128641,64,pop
2t0kaaDtGZtmpczIAMaVTQ,S10,34709,43,soul
6dO0RkhFhjMwLtLQqNgL8r,Issam Alnajjar,98964,48,pop
43BxCL6t4c73BQnIJtry5v,James Hype,365327,69,electronic
3QJUFtGBGL05vo0kCJZsmT,salem ilese,372195,61,pop
7sfgqEdoeBTjd8lQsPT3Cy,Emeli Sande,2162173,60,r&b
6sHCvZe1PHrOAuYlwTLNH4,Gus Dapperton,496618,58,pop
2sgikskblKZFbDpsYO9anB,Milk Inc.,91671,47,dance
4O15NlyKLIASxsJ0PrXPfz,Lil Uzi Vert,17269103,83,hip hop
2Sqr0DXoaYABbjBo9HaMkM,Sara Bareilles,1931607,62,pop
5KNNVgR6LBIABRIomyCwKJ,Dermot Kennedy,1542633,69,pop
329e4yvIujISKGKz1BZZbO,Farruko,15740094,81,reggae
2ye2Wgw4gimLv2eAKyk1NB,Metallica,27371357,81,rock
23fqKkggKUBHNkbKtXEls4,Kygo,8365283,80,electronic
73jBynjsVtofjRpdpRAJGk,Dimitri Vegas & Like Mike,3458938,74,dance
1rKrEdI6GKirxWHxIUPYms,Agnes Obel,857009,57,pop
4wP1kxjUsc9IR4Iy2smL7o,Trinidad Cardona,251052,60,electronic
1zNqDE7qDGCsyzJwohVaoX,Anne-Marie,11937566,76,pop
6J2bFI9tQDWfPHjoKHKrOu,Yung Felix,118438,50,hip hop
47BNWfpngeFHYvBlPPyraM,Kate Ryan,85993,53,pop
4e0nWw2r4BoQSKPQ2zpU13,Ray Dalton,74965,73,pop
4XQhU3S4TyPkiPIsSu2hmA,Diggy Dex,81018,49,hip hop
2o08sCWF5yyo2G4DCiT7T9,HVME,68830,60,electronic
1ruutHJcECI7cos2n5TqpO,Nayer,26361,69,pop
0dLWSYE7my9AbpQYNJ0ABV,Oscar and the Wolf,322287,53,indie
0VF99ihK36GXSlQs0mzL0S,Tice,2932,44,jazz
3DiDSECUqqY1AuBP8qtaIa,Alicia Keys,11802630,77,soul
7uMh23xWiuR7zsNkuNcm2G,MNEK,289695,68,electronic
5gtYjyZlmPOc1lLHvYzCON,Janieck Devy,6670,48,electronic
1HxJeLhIuegM3KgvPn8sTa,Jack U,1071520,58,electronic
4oUHIQIBe0LHzYfvXNW4QM,MO,9741817,90,country
66CXWjxzNUsdJxJ2JdwvnR,Ariana Grande,97155241,90,pop
6mU8ucezzms5I2kNH6HNlu,Conor Maynard,2084148,63,pop
6PXS4YHDkKvl1wkIl4V8DL,Fetty Wap,4634913,69,rap
7vk5e3vY1uw9plTHJAMwjN,Alan Walker,38781515,80,electronic
0eDvMgVFoNV3TpwtrVCoTj,Pop Smoke,14216081,78,hip hop
4XC335ouK6pXyq4QiIb8bP,Eliza Rose,62474,61,electronic
3Isy6kedDrgPYoTS1dazA9,Sean Paul,4705012,79,pop
2fsk4VlJdNF6G8cCMDrrzB,Norma Jean Martine,18347,68,pop
2FXC3k01G6Gw61bmprjgqS,Hozier,7303272,85,pop
5MmVJVhhYKQ86izuGHzJYA,MIKA,1369149,65,pop
2zzpznMuhKlKlqh1ma7Sms,Dakota,13254,59,pop
50co4Is1HCEo8bhOyUWKpn,Young Thug,10037998,82,hip hop
3v6Ji4uoWtKRkhuDUaxi9n,Dynoro,275569,65,electronic
2VrP5BkyzDhY43dWMlaYjD,Joshua Kadison,32694,44,rock
7CAtmuyGlzYum4BKfl34ij,Gorki,46349,37,rock
6eUKZXaKkcviH0Ku9w2n3V,Ed Sheeran,114470169,86,pop
5L88UL7xuw4CzYyzxqwgBz,Dina Ayada,65765,43,rap
07QEuhtrNmmZ0zEcqE9SF6,Owl City,2366223,67,indie
6VxCmtR7S3yz4vnzsJqhSV,Sheppard,302006,59,indie
5Pwc4xIPtQLFEnJriah9YJ,OneRepublic,17095962,83,rock
3YwqjMyrRfuixi2pbgTGCE,Heuss L'enfoire,1609174,68,hip hop
4npEfmQ6YuiwW1GpUmaq3F,Ava Max,6902459,79,pop
2IoSLl3tqYMq9DzR0d6NJN,Elams,244379,55,hip hop
3AuMNF8rQAKOzjYppFNAoB,Kelly Rowland,3467181,67,hip hop
6FBDaR13swtiWwGhX1WQsP,blink-182,8259069,77,metal
39mHYiNmLR7p8PXNG8Wll6,Remy Ma,784007,57,r&b
1Cs0zKBU1kc0i8ypK3B9ai,David Guetta,25627504,88,pop
7c0XG5cIJTrrAgEC3ULPiq,Ty Dolla $ign,5304189,82,hip hop
3LLNDXrxL4uxXtnUJS5XWM,Alexander Rybak,435651,59,pop
5o7DmXxAI7rg7qBUvcLq2s,DJ Casper,11458,40,dance
13ubrt8QOOCPljQ2FL1Kca,A$AP Rocky,14314200,83,hip hop
0z4gvV4rjIZ9wHck67ucSV,Akon,4607851,80,pop
49jTY62Cpw3RYo4dLuG43W,Cian Ducrot,408664,60,pop
4qWnlmXWuGv2TtuxtIWlJX,BANNERS,664665,63,pop
4tZwfgrHOc3mvqYlEYSvVi,Daft Punk,9934594,79,electronic
6GI52t8N5F02MxU0g5U69P,Santana,3351357,70,rock
6AMd49uBDJfhf30Ak2QR5s,Coi Leray,806864,71,rap
7nDsS0l5ZAzMedVRKPP8F1,Ella Henderson,1617410,72,pop
40Yq4vzPs9VNUrIBG5Jr2i,The Smashing Pumpkins,5100315,71,metal
3EOEK57CV77D4ovYVcmiyt,Dennis Lloyd,676070,64,pop
1buzCmyYZE4kcdLRudsb8V,Mikky Ekko,136146,65,indie
3iMzbvXlgNUpoFccD60bvr,Prezioso,128162,65,dance
4VMYDCV2IEDYJArk749S6m,Daddy Yankee,33964648,85,hip hop
7bXgB6jMjp9ATFy66eO08Z,Chris Brown,22067260,86,r&b
3BmGtnKgCSGYIUhmivXKWX,Kelly Clarkson,10455078,72,pop
4xRYI6VqpkE3UwrDrAZL8L,Logic,6053922,72,hip hop
0YLlTW9rW7ZCy2cA2u3RYk,FLEMMING,287591,60,pop
3rWZHrfrsPBxVy692yAIxF,WILLOW,2604581,70,pop
2SHhfs4BiDxGQ3oxqf0UHY,Roxette,2231670,70,pop
1k1t9sL5HK3ZmpfNujGIGV,TLP,210,12,pop
6Dd3NScHWwnW6obMFbl1BH,Daya,1629294,71,pop
5ENS85nZShljwNgg4wFD7D,Gabry Ponte,524464,74,dance
2xiIXseIJcq3nG7C8fHeBj,Grace,6111475,73,metal
3RNrq3jvMZxD9ZyoOZbQOD,Korn,7600252,74,metal
6JL8zeS1NmiOftqZTRgdTz,Train,15112341,78,pop
03d2mJXSMtuPI0nIvLnhoS,Zoe Wees,479758,65,pop
6wi2d3tk31DPhUagWLgR33,Chiara Castelli,9530,31,pop
1McMsnEElThX1knmY4oliG,Olivia Rodrigo,36994773,87,pop
4bi8SmsdSp5AoD6RFZjyjW,Xillions,10480,42,pop
0ys2OFYzWYB5hRDLCsBqxt,Regi,9478778,86,latin
1yxSLGMDHlW21z4YXirZDS,Black Eyed Peas,8177355,79,pop
2qxJFvFYMEDqd7ui6kSAcq,Zedd,5912440,72,electronic
3nFkdlSjzX9mRTtwJOzDYB,JAY-Z,9162613,82,hip hop
2NjfBq1NflQcKSeiDooVjY,Tones And I,2934080,68,pop
4yiQZ8tQPux8cPriYMWUFP,Gwen Stefani,6513692,72,pop
15GGbJKqC6w0VYyAJtjej6,Scoop,51513,57,rap
1uNFoZAHBGtllmzznpCI3s,Justin Bieber,75541704,88,pop
25u4wHJWxCA9vO0CzxAbK7,Lukas Graham,2204773,69,pop
6jJ0s89eD6GaHleKKya26X,Katy Perry,33434277,83,pop
6uJ51uV5rYzu1MJkC4CceI,Interplanetary Criminal,42140,58,electronic
23zg3TcAtWQy7J6upgbUnj,USHER,11563253,80,hip hop
5j4HeCoUlzhfWtjAfM1acR,Stromae,3315814,70,pop
16oZKvXb6WkQlVAjwo2Wbg,The Lumineers,5404972,76,pop
3t5xRXzsuZmMDkQzgOX35S,Robin Schulz,3089414,76,electronic
2WX2uTcsvV5OnS0inACecP,Birdy,3673717,68,pop
4k93TM9rMTGkzdNFNkI6UX,Thomas van der Vlugt,9826,12,pop
4RSyJzf7ef6Iu2rnLdabNq,Willy William,243334,64,pop
6VCBinAerlvZxvXSHAFVuq,Jeremie Makiese,8179,27,pop
0Cp8WN4V8Tu4QJQwCN5Md4,BENEE,793671,62,pop
1OB278sOZVSFx5vXqYha83,J. Rey Soul,8274,50,dance
2WBJQGf1bT1kxuoqziH5g4,Purple Disco Machine,695778,73,electronic
4MCBfE4596Uoi2O4DtmEMz,Juice WRLD,34059356,85,rap
6WY7D3jk8zTrHtmkqqo5GI,Maren Morris,806627,68,country
2WzaAvm2bBCf4pEhyuDgCY,Ruth B.,3505076,72,pop
63yrD80RY3RNEM2YDpUpO8,Melanie Martinez,20562634,81,pop
0lZoBs4Pzo7R89JM9lxwoT,Duran Duran,3021603,68,rock
1gALaWbNDnwS2ECV09sn2A,Nightcrawlers,57322,61,electronic
7Lk9V7E1u5gqSHmtcKlOqH,Sara Kays,424689,57,pop
0IROOdQ2fQUcoaEPqt1Isg,Florence Welch,36522,59,pop
4utLUGcTvOJFr6aqIJtYWV,Grey,596185,66,rock
7c0XG5cIJTrrAgEC3ULPiq,T.I.,5304189,82,hip hop
1PKErrAhYFdfrDymGHRQRo,Nathan Evans,477510,64,folk
0ONN78qj6zuTEsmal4ZJKG,RAVVEL,1119,30,indie
5WmU6ngL2YPGbxYN4LTbRa,Cranky,4278,26,pop
1g9nyCbUH0kbNgXAsw7tUB,Bankzitters,158119,63,pop
7H55rcKCfwqkyDFH9wpKM6,Christina Perri,3797162,70,pop
4AVFqumd2ogHFlRbKIjp1t,Alesso,3891929,72,pop
6VuMaDnrHyPL1p4EHjYLi7,Charlie Puth,22834604,79,pop
31TPClRtHm23RisEBtV3X7,Justin Timberlake,14143217,80,pop
2AM4ilv6UzW0uMRuqKtDgN,ZZ Top,4366837,70,rock
5EP020iZcwBqHRnJftibXX,Hooverphonic,431467,51,electronic
0nC1zkioNJaPntz8XAeLx9,Kafke,20395,47,latin
3zGV7t4BDmYZBLVA24487b,Pommelien Thijs,128853,54,pop
22wbnEMDvgVIAGdFeek6ET,Bens,2848489,85,pop
4AXpdpyOnye51mlXxsKESw,'T Hof Van Commerce,20823,30,rock
4sTQVOfp9vEMCemLw50sbu,Galantis,3353931,71,pop
3ipn9JLAPI5GUEo4y4jcoi,Ludacris,2983122,76,hip hop
164Uj4eKjl6zTBKfJLFKKK,JVKE,4483492,75,pop
0SfsnGyD8FpIN4U4WCkBZ5,Armin van Buuren,4323144,74,electronic
5344K3N7rx7kw1HjO8psuq,James Carter,48117,66,pop
3aQeKQSyrW4qWr35idm0cy,T-Pain,4866271,77,pop
7EQ0qTo7fWT7DPxmxtSYEc,Bastille,5524938,73,pop
3l0CmX0FuQjFxr8SK7Vqag,Clairo,4889483,77,pop
1i8SpTcr7yvPOmcqrbnVXY,Ozuna,36704723,85,pop
0gAILSEru1PKMwP0tAqNLS,Willow Sage Hart,22852,54,pop
08MVPakTEdRJimQNV61NFR,Freedo,1566,52,electronic
1qUjOF5fzrpoNycD36b2jZ,Nate Ruess,235138,67,rock
52h6A1y99QgoEf5FzKEHs1,Diddi Trix,171422,42,hip hop
2RdwBSPQiwcmiDo9kixcl8,Pharrell Williams,4526810,78,pop
64KEffDW9EtZ1y2vBYgq8T,Marshmello,33664709,82,electronic
2jku7tDXc6XoB6MO2hFuqg,Tory Lanez,6752560,79,hip hop
2jLE4BoXHriQ96JagEtiDP,Lauren Bennett,7502,60,r&b
7qG3b048QCHVRO5Pv1T5lw,Enrique Iglesias,10940853,77,pop
5iNrZmtVMtYev5M9yoWpEq,Seeb,361079,67,pop
2QsynagSdAqZj3U9HgDzjD,t.A.T.u.,12315198,80,reggae
3wtMPMvPtiFylbnNXF6CAj,Afro Bros,66915,53,electronic
438nTuoZFCZCyBl33jE9dU,Ashafar,206079,57,hip hop
0TnOYISbd1XYRBk9myaseg,Pitbull,10433302,83,pop
2hlmm7s2ICUX0LVIhVFlZQ,Gunna,7440173,86,hip hop
1PbtWtrN7jZpd4toqxrjm2,Lagique,6467,52,electronic
3sFTupo9UGgrujjN21BjwR,Gossip,340452,51,dance
4u5smJBskI6Adzv08PuiUP,Kiiara,921651,57,pop
1bfl0AU8SqmLkElptOprhC,Jul,5381939,81,latin
7gOdHgIoIKoe4i9Tta6qdD,Jonas Brothers,7603545,73,pop
1dfeR4HaWDbWqFHLkxsg1d,Queen,50091939,84,rock
5TgQ66WuWkoQ2xYxaSTnVP,Netsky,447295,57,pop
7Defmv25Kj9knpobhHIghm,Alphabeat,55361,42,pop
06nsZ3qSOYZ2hPVIMcr1IN,J.J. Cale,785765,62,funk
3IYUhFvPQItj6xySrBmZkd,Creed,6645053,80,rock
0MnM8NE69iw1cVc7GVIZ41,STUK,56788,38,pop
5eAWCfyUhZtHHtBdNk56l1,System Of A Down,10804883,79,metal
0ZrpamOxcZybMHGg1AYtHP,Robin Thicke,1926591,62,pop
0hCNtLu0JehylgoiP8L4Gh,Nicki Minaj,31453816,85,pop
137W8MRPWKqSmrBGDBFSop,Wiz Khalifa,11057484,80,hip hop
5yDkaiPTFbHGWCMXAEBt5Q,Kraantje Pappie,278740,59,hip hop
2o5jDhtHVPhrJdv3cEQ99Z,Tiësto,7328730,84,pop
4NZvixzsSefsNiIqXn0NDe,Maggie,1109184,71,pop
0LcJLqbBmaGUft1e9Mm8HV,ABBA,12299285,80,pop
3hE8S8ohRErocpkY7uJW4a,Within Temptation,1278961,61,metal
4AKwRarlmsUlLjIwt38NLw,Ofenbach,602404,71,pop
3nlHsNqwCSvT988ZfSW1Yh,Ronan Keating,1088962,60,pop
1RyvyyTE3xzB2ZywiAwp0i,Future,17407544,90,hip hop
2DlGxzQSjYe5N6G9nkYghR,Jennifer Lopez,13040161,75,pop
4VIvfOurcf0vuLRxLkGnIG,Bradley Cooper,253233,67,pop
782IpIScTpnDhYb9hyxOu1,The Product G&B,5686,59,r&b
25IZcQsNwnvgeBiTEjBNI4,RAIGN,81605,44,pop
4IVAbR2w4JJNJDDRFP3E83,6LACK,4696528,71,hip hop
5fMUXHkw8R8eOP2RNVYEZX,Diplo,2619275,77,pop
1KCSPY1glIKqW2TotWuXOR,P!nk,16717491,79,pop
2EMAnMvWE2eb56ToJVfCWs,Bryson Tiller,8531901,81,hip hop
4cfKtwkefMW3aiXtxfw8w6,Nomcebo Zikode,496201,55,soul
7FXX45sHqoQoCwqtG0ZV8H,Solda,7991,52,pop
4Gso3d4CscCijv0lmajZWs,Don Toliver,4496459,85,pop
6LuN9FCkKOj5PcnpouEgny,Khalid,16189746,83,pop
5Rl15oVamLq7FbSb0NNBNy,5 Seconds of Summer,9957871,75,pop
6TLwD7HPWuiOzvXEa3oCNe,Oliver Tree,2450896,70,hip hop
65ML8tZVfIo0B8qhbMZYWY,Slongs,7029,22,pop
6jsjhAEteAlY0vCiLvMLBA,ROZES,125385,59,pop
4oLeXFyACqeem2VImYeBFe,Fred again..,1514669,77,electronic
3DCWeG2J1fZeu0Oe6i5Q6m,PLK,1907029,74,hip hop
0pF1TxZmwCJ3gGpkBQwdtT,Gabriel Rios,58955,43,pop
20JZFwl6HVl6yg8a4H3ZqK,Panic! At The Disco,12208601,75,pop
2gBjLmx6zQnFGQJCAQpRgw,Nelly,2855605,74,pop
1HBjj22wzbscIZ9sEb5dyf,Jonas Blue,3748710,72,pop
1ZwdS5xdxEREPySFridCfh,2Pac,18090689,78,funk
7jVv8c5Fj3E9VhNjxT4snq,Lil Nas X,12401527,74,hip hop
5sWHDYs0csV6RS48xBl0tH,Two Feet,1997508,68,pop
67ea9eGLXYMsO2eYQRui3w,The Who,5369246,66,rock
1rw8ZTLnDHd74TWDDukjVi,Conrad Sewell,112995,59,pop
4kI8Ie27vjvonwaB2ePh8T,Portugal. The Man,1441684,65,rock
63MoX25vZtzCSTvRFkAsnW,Apson,229806,52,rock
5Y5TRrQiqgUO4S36tzjIRZ,Timbaland,2867078,76,pop
7fObcBw9VM3x7ntWKCYl0z,Colby O'Donis,160963,66,electronic
0bMKf3lIYR9GaNTdFKkTOr,Zonderling,89095,55,electronic
436sYg6CZhNefQJogaXeK0,Camille,386675,63,classical
2HcwFjNelS49kFbfvMxQYw,Robbie Williams,2878295,69,rock
3WrFJ7ztbogyGnTHbHJFl2,The Beatles,27612524,83,rock
04gDigrS5kc9YWfZHwBETP,Maroon 5,41741793,84,pop
0CjWKoS55T7DOt0HJuwF1H,Bipolar Sunshine,84011,58,pop
69GGBxA162lTqCwzJG5jLp,The Chainsmokers,20207331,81,pop
7f5Zgnp2spUuuzKplmRkt7,Lost Frequencies,2813420,77,pop
4bYPcJP5jwMhSivRcqie2n,Adam Levine,1003410,70,pop
0xRXCcSX89eobfrshSVdyu,MEDUZA,771106,74,electronic
35l9BRT7MXmM8bv2WDQiyB,beabadoobee,3636479,76,pop
7tYKF4w9nC0nq9CsPZTHyP,SZA,20862815,89,pop
7keGfmQR4X5w0two1xKZ7d,Kungs,943516,70,electronic
1QfpRUtH14JLoY6F6AYmwt,The Rare Occasions,404637,65,indie
4EPJlUEBy49EX1wuFOvtjK,Becky Hill,813387,73,pop
4bL2B6hmLlMWnUEZnorEtG,Felix Jaehn,1276196,73,electronic
26dSoYclwsYLMAKD3tpOr4,Britney Spears,14683140,79,pop
2JLl6rSFWx9YuSPLcLhkAG,Julian Perretta,34869,62,pop
6ueGR6SWhUJfvEhqkvMsVs,Janelle Monae,1459403,65,pop
5nAiCPenjjdpUJAmElxmuu,Loic Nottet,242500,50,electronic
3jK9MiCrA42lLAdMGUZpwa,Anderson .Paak,2531822,77,electronic
790FomKkXshlbRYZFtlgla,KAROL G,47501572,88,reggae
2DaxqgrOhkeH0fpeiQq2f4,Oasis,10031394,76,rock
1McMsnEElThX1knmY4oliG,OLIVIA,36994773,87,pop
7xTcuBOIAAIGDOSvwYFPzk,Daniel Powter,272353,57,pop
2hBfmHHnM4dS4pJgEJENCg,Chivv,114864,57,hip hop
4yvcSjfu4PC0CYQyLy4wSq,Glass Animals,4149685,76,pop
5KKpBU5eC2tJDzf0wmlRp2,RAYE,1516367,77,r&b
7jZM5w05mGhw6wTB1okhD9,ATB,390658,63,dance
2yLzlEFtIS0Q9UkyBZdQA7,Jessie J,991805,73,pop
4IJczjB0fJ04gs4uvP0Fli,Gym Class Heroes,1475100,67,pop
3Z6IRCo7umuk8K2XQy0ZDj,Busted,267534,53,pop
0CbeG1224FS58EUx4tPevZ,Timmy Trumpet,1142624,71,dance
5g3uG8zZZANGT6YOssgjfC,Lenka,268547,50,pop
4LcUpNlXFEleaLlelmkv2R,Kris Kross Amsterdam,235915,63,electronic
5T8zbK3dic52T9bFu0aY8z,Sophia Somajo,11412,45,pop
5pKCCKE2ajJHZ9KAiaK11H,Rihanna,60594038,89,pop
757aE44tKEUQEqRuT6GnEB,Roddy Ricch,10619979,76,rap
6fWVd57NKTalqvmjRd2t8Z,24kGoldn,2222143,69,rap
3E31HqA00iCX9nRhesw6LD,Snelle,601421,59,hip hop
6pWcSL9wSJZQ9ne0TnhdWr,K-391,378914,63,electronic
53sIBaVjXQhfH89Vu6nEGh,GoonRock,6092,61,dance
3Edve4VIATi0OZngclQlkN,Dopamine,6250,60,dance
7cCXGHnW9OLbG0kQxabVvX,The Scabs,16440,30,pop
44PA0rCQXikgOWbfY7Fq7m,Ying Yang Twins,1111765,61,hip hop
5JZ7CnR6gTvEMKX4g70Amv,Lauv,6210247,74,pop
5WUlDfRSoLAfcVSX1WnrxN,Sia,28074292,83,dance
1IueXOQyABrMOprrzwQJWN,Sigala,1558582,67,pop
5RaQ9nmVGoTye2SI76x3yw,Kofs,458680,57,hip hop
1McMsnEElThX1knmY4oliG,Olivia,36994773,87,pop
4L2dV3zY7RmkeiNO035Fi0,Mufasa & Hypeman,16641,60,pop
4FrXHrpbDLNyO3pbVv8RmF,Sophie and the Giants,59618,60,indie
3sgFRtyBnxXD5ESfmbK4dl,LMFAO,4138920,65,pop
6LqNN22kT3074XbTVUrhzX,Kesha,7917014,77,pop
4GJ6xDCF5jaUqD6avOuQT6,FIFTY FIFTY,1610960,66,pop
1A6HQzOvtGaCYihOuIKjE6,Mr. Polska,223435,55,hip hop
5ksRONqssB7BR161NTtJAm,Ace of Base,831505,67,dance
0rpMdBzQXf7aYRnu5fDBJy,Violent Femmes,723497,58,rock
7wlFDEWiM5OoIAt8RSli8b,Ne-Yo,12749558,80,rap
5SHxzwjek1Pipl1Yk11UHv,Tom Grennan,553235,63,pop
5wsBGjgRsASMggXLPF7pYm,2 Brothers On The 4th Floor,110357,52,dance
7ltDVBr6mKbRvohxheJ9h1,ROSALIA,8151596,77,pop
6zrOXBaNn0DqJeXxgC2eyH,Houari,28595,56,pop
6bmlMHgSheBauioMgKv2tn,Powfu,1307306,67,pop
4TvhRzxIL1le2PWCeUqxQw,The Blessed Madonna,83531,67,electronic
6KImCVD70vtIoJWnq6nGn3,Harry Styles,32411377,84,pop
0U7ti3mwGrBNlKNE4YlbfT,Sierra Kidd,160789,56,rap
0jnsk9HBra6NMjO2oANoPY,Flo Rida,8523812,78,pop
49aaHxvAJ0tCh0F15OnwIl,Loreen,1066899,69,pop
1lmU3giNF3CSbkVSQmLpHQ,Surf Mesa,173193,60,pop
1URnnhqYAYcrqrcwql10ft,21 Savage,18921799,88,hip hop
3898xesz6JuQkpz7Kiu4uM,Emma Heesters,204109,53,pop
3RbuVoer2pZlqAXI73ElhX,Cheriimoya,45345,55,pop
0FEJqmeLRzsXj8hgcZaAyB,Indila,1832375,69,pop
5BcAKTbp20cv7tC5VqPFoC,Macklemore & Ryan Lewis,2540216,72,pop
5EvFsr3kj42KNv97ZEnqij,Shaggy,2199501,71,pop
4IWBUUAFIplrNtaOHcJPRM,James Arthur,17275047,80,pop
1GJOgIYZ4zZtey6Ev14sjD,Eva De Roovere,13163,27,pop
6oUVQSkgFOPuv5g2hRCONc,Jaah SLT,55438,48,rap
0du5cEVh5yTK9QJze8zA0C,Bruno Mars,56254718,87,pop
77IW5ZK1smDQYYKDCQugXh,Suzan & Freek,580810,61,pop
45ruzGUmIr8WLjLOPJ9mGU,Miggy Dela Rosa,11437,63,pop
2Zx5UnYsOJTrLB7EerhsJh,Babet,1590,33,pop
163tK9Wjr9P9DmM0AVK7lm,Lorde,9980943,75,pop
3hteYQFiMFbJY7wS0xDymP,Gesaffelstein,619981,70,electronic
22wbnEMDvgVIAGdFeek6ET,Benson Boone,2848489,85,pop
1Xylc3o4UrD53lo9CvFvVg,Zara Larsson,10467840,76,pop
5VadK1havLhK1OpKYsXv9y,D-Block Europe,1481000,76,hip hop
1rvnJJghrxl1xakJZct08m,Sam Ryder,378267,51,pop
2QsynagSdAqZj3U9HgDzjD,B.o.B,12315198,80,reggae
5LfGQac0EIXyAN8aUwmNAQ,The Offspring,5598299,76,metal
2wUjUUtkb5lvLKcGKsKqsR,Alessia Cara,11784229,71,r&b
6hk7Yq1DU9QcCCrz9uc0Ti,Kimbra,420176,70,indie
4A0TivfinfALCAMJqqjZIk,fun.,13692,65,funk
5GIcOzVFTNnzArytjmTkW8,Bizzey,381166,60,hip hop
6c8akjSeJQw2NYemV6qVT8,Small Jam,7458,53,reggae
5K4W6rqBFWDnAN6FQUkS6x,Wes,25736826,90,rap
1Xyo4u8uXC1ZmMpatF05PJ,The Weeknd,85156966,93,r&b
3tlXnStJ1fFhdScmQeLpuG,Brent,6044089,82,r&b
45dkTj5sMRSjrmBSBeiHym,Tate McRae,5472304,82,pop
0K87f3owemzI8NUCoEIXOB,vaultboy,264956,59,pop
6DPYiyq5kWVQS4RGwxzPC7,Dr. Dre,11878683,79,funk
74eY8wbrhhVD7pACbBHwHw,Imany,292830,59,pop
5zixe6AbgXPqt4c1uSl94L,Connor Price,1359513,73,pop
048LktY5zMnakWq7PTtFrz,CKay,1476918,66,r&b
1Ffb6ejR6Fe5IamqA5oRUF,Bring Me The Horizon,5636152,81,metal
5WxnXxSCyhDSyi6elhBZd4,Jaap Reesema,139387,53,pop
2fZcYu4ltOFdwsnDmLQ9jl,DJ Fle,3664,42,pop
2s7Oijd4mFGgEkhYJtf3sJ,Shane Codd,27005,46,dance
0C8ZW7ezQVs4URX5aX7Kqx,Selena Gomez,50161751,80,pop
6n9XmMc3mX18mrTHYOCPIq,Henri PFR,49801,47,pop
0vRvGUQVUjytro0xpb26bs,Arizona Zervas,750241,61,pop
6c4sUNBgdonFJz8Kx2VsGz,Madcon,431974,61,hip hop
4W6fwRbqEy1dfEoE6OCyZu,Mathieu Koss,15541,49,pop
7MhMgCo0Bl0Kukl93PZbYS,Blur,3347657,68,rock
3hv9jJF3adDNsBSIQDqcjp,Mark Ronson,1085839,75,pop
6s5ubAp65wXoTZefE01RNR,Joost,679730,75,electronic
7jp5R1aY7kmwBYX3jIu9yk,Jebroer,248548,56,pop
1HBjj22wzbscIZ9sEb5dyf,Blue,3748710,72,pop
4xnihxcoXWK3UqryOSnbw5,Sasha Alex Sloan,1486652,67,pop
0TKFPt9w0AAEnhB9bd0pLy,LUM!X,184323,67,electronic
67MNhiAICFY6Pwc2YxCO0K,Elley Duhe,552177,74,pop
4myTppRgh0rojLxx8RycOp,Ryan Lewis,35466,74,pop
3gPtUdMiLkJgmQIxFpEhAk,Jinho 9,18365,39,pop
7HqEmV7FeCi16bQyHMpIrF,VASSY,32870,56,dance
3Xt3RrJMFv5SZkCfUE8C1J,Kim Petras,1100004,74,pop
5IcR3N7QB1j6KBL8eImZ8m,SCH,4727462,71,rap
5icKdCmMhNMYoAzVBAWt39,Dax,1562293,65,hip hop
0rvjqX7ttXeg3mTy8Xscbt,Journey,5503368,74,rock
5oNWzcU0mYK1zDUxBGHIaG,Hannah Mae,22429,54,pop
0lAWpj5szCSwM4rUMHYmrr,Maneskin,9221527,79,rock
181bsRPaVXVlUKXrxwZfHK,Megan Thee Stallion,9174996,78,rap
2feDdbD5araYcm6JhFHHw7,Labrinth,3253397,76,pop
2wY79sveU1sp5g7SokKOiI,Sam Smith,23811159,81,pop
6deZN1bslXzeGvOLaLMOIF,Nickelback,6813256,77,metal
6j2HWcd7z61iTLbi8eD0hA,Eddy Grant,68672,45,pop
3gk0OYeLFWYupGFRHqLSR7,Showtek,468216,61,electronic
1hHPEA8X1ds8VctsqWhoNv,Trix & Flix,250,12,pop
4UXqAaa6dQYAk18Lv7PEgX,Fall Out Boy,10656666,78,rock
